{
    "confidence_score": 0.8336562514305115,
    "ptm": 0.7989568114280701,
    "iptm": 0.8226035237312317,
    "ligand_iptm": 0.0,
    "protein_iptm": 0.8226035237312317,
    "complex_plddt": 0.8364193439483643,
    "complex_iplddt": 0.8564815521240234,
    "complex_pde": 0.8368955254554749,
    "complex_ipde": 3.102512836456299,
    "chains_ptm": {
        "0": 0.8933638334274292,
        "1": 0.7315919399261475
    },
    "pair_chains_iptm": {
        "0": {
            "0": 0.8933638334274292,
            "1": 0.8226035237312317
        },
        "1": {
            "0": 0.7138549089431763,
            "1": 0.7315919399261475
        }
    }
}