{
    "confidence_score": 0.8289230465888977,
    "ptm": 0.800603449344635,
    "iptm": 0.8167030811309814,
    "ligand_iptm": 0.0,
    "protein_iptm": 0.8167030811309814,
    "complex_plddt": 0.8319779634475708,
    "complex_iplddt": 0.7760504484176636,
    "complex_pde": 0.8559147119522095,
    "complex_ipde": 4.227433204650879,
    "chains_ptm": {
        "0": 0.8970974683761597,
        "1": 0.7332921028137207
    },
    "pair_chains_iptm": {
        "0": {
            "0": 0.8970974683761597,
            "1": 0.8167030811309814
        },
        "1": {
            "0": 0.7136289477348328,
            "1": 0.7332921028137207
        }
    }
}