{
    "confidence_score": 0.8348907828330994,
    "ptm": 0.8071813583374023,
    "iptm": 0.831336259841919,
    "ligand_iptm": 0.0,
    "protein_iptm": 0.831336259841919,
    "complex_plddt": 0.8357793092727661,
    "complex_iplddt": 0.8551167845726013,
    "complex_pde": 0.8016723990440369,
    "complex_ipde": 3.0328097343444824,
    "chains_ptm": {
        "0": 0.9096779823303223,
        "1": 0.7324805855751038
    },
    "pair_chains_iptm": {
        "0": {
            "0": 0.9096779823303223,
            "1": 0.831336259841919
        },
        "1": {
            "0": 0.7149748206138611,
            "1": 0.7324805855751038
        }
    }
}